model,strategy,k=1,k=2,k=3,k=4,k=5,k=6,k=7,k=8,k=9,k=10,k*(0.5),k*(0.9),k*(0.99)
qwen3-4b,base/continuation_full,0.7199680511182108,0.8543299142424753,0.9048960260075108,0.9296827861798833,0.9436018984691573,0.9521694082038399,0.957852121847562,0.9618677402018483,0.9648572762265776,0.9671777099743746,1,3,
qwen3-4b,base/continuation_partial,0.44440894568690104,0.5876912729107113,0.6619724230704558,0.7081797709835574,0.7400124712740317,0.7635292304243035,0.7818197591799457,0.796601249701676,0.808893548365007,0.8193373877035437,2,,
qwen3-4b,base/fake_citation,0.6672523961661342,0.8330418698503447,0.8988845916708705,0.9310741616303491,0.9489382519444638,0.9597721045707671,0.9667967784053256,0.9716020929979524,0.9750403260475072,0.9775972551173099,1,4,
qwen3-4b,base/none,0.04345047923322684,0.0575416176223306,0.065702595146012,0.07135843743920975,0.07563172401969026,0.07903416453179556,0.08184860878940445,0.0842457038176086,0.08633257043552892,0.08817803873887516,,,
qwen3-4b,base/persona_switch,0.7308306709265175,0.8784092819909199,0.9308082506585954,0.9547176529936001,0.9674749502962443,0.9751328730584213,0.9801709215719244,0.9837197152017279,0.9863464562915101,0.9883627016017049,1,3,
qwen3-4b,base/role_chaining,0.7394568690095846,0.8857407096014798,0.9357687349363825,0.9579375991190152,0.969527393940593,0.9763820611479836,0.9808578719868642,0.9840248743234926,0.9864110350326831,0.9882941369454589,1,3,
qwen3-4b,base/static_baseline,0.09904153354632587,0.14881452833361358,0.18264671262821588,0.2081926296666304,0.22866921697214282,0.24576092081359197,0.26044586659281166,0.2733308884081889,0.28481336268257995,0.29516702350261537,,,
qwen3-4b,base/system_simulation,0.5715654952076676,0.7483437027072473,0.8294938624516563,0.8734771527578576,0.8997675957889459,0.9166637817057209,0.9282057273893245,0.9365291599171262,0.94282519723622,0.9477846681750777,1,6,
qwen3-4b,abliterated/continuation_full,0.7714057507987221,0.8788464772154027,0.918320161425929,0.9369251921383989,0.9470477782503619,0.9532013999479058,0.9572987863381438,0.9602387200563247,0.9624802839866786,0.9642756352441908,1,3,
qwen3-4b,abliterated/continuation_partial,0.8824281150159742,0.9565831511686567,0.9757272574407266,0.9838910374978982,0.9883816440650584,0.9911932857891769,0.9930831412773619,0.994413346044915,0.9953865289696999,0.9961273160414595,1,2,6
qwen3-4b,abliterated/fake_citation,0.8763578274760382,0.9522448293257105,0.9692337873437586,0.9756304876078564,0.979003460304586,0.9812081886731487,0.9828645271796292,0.9842255915184429,0.9854084572091181,0.9864717177796437,1,2,
qwen3-4b,abliterated/none,0.8501597444089457,0.9319152513872542,0.955285578162659,0.9660840694105118,0.9722839741243732,0.9762234707234162,0.9788698866127921,0.980713700026453,0.9820355637695573,0.9830094015026606,1,2,
qwen3-4b,abliterated/persona_switch,0.8840255591054312,0.9489994955439717,0.9640743231881622,0.970212036386776,0.9736570094659689,0.9759825352707082,0.977741537173134,0.9791771254426671,0.9804145327466527,0.9815254997922482,1,2,
qwen3-4b,abliterated/role_chaining,0.8993610223642172,0.9637464267698,0.9794854548511854,0.9859424920127794,0.9893145167937697,0.9913838580665157,0.9928177660840694,0.9939063537872626,0.9947882578158347,0.9955349796643974,1,2,6
qwen3-4b,abliterated/static_baseline,0.8937699680511182,0.965528838069615,0.9812034078807242,0.9871940704985541,0.9902560444053188,0.9920913329178989,0.9933087040096009,0.99417458540892,0.9948204806103995,0.9953173538891499,1,2,5
qwen3-4b,abliterated/system_simulation,0.8119808306709266,0.9226164452665211,0.9554593352390561,0.9692018054909873,0.9762670748474268,0.9805027745081554,0.983353816556049,0.9854430323564538,0.9870658767833814,0.9883735785673491,1,2,
qwen3-4b,abl-all-rank,0.8993610223642172,0.976573482428115,0.9871625399361023,0.9910320487220446,0.9937718740015975,0.9942640352935304,0.9945207026282947,0.9946522874840256,0.9951426928635498,0.9955699247932518,1,2,4
qwen3-4b,abl-all-alpha,0.7714057507987221,0.9556789137380192,0.9798749999999999,0.9899233626198084,0.9917190345447285,0.9933207353734025,0.9944792988842851,0.9946522874840256,0.99471129757534,0.9953590706915058,1,2,5
qwen3-4b,abl-top3-rank,0.8993610223642172,0.976573482428115,0.9871625399361023,0.9906608794350092,0.9933216039931677,0.994510022744772,0.9951198068316917,0.9957248769175424,0.9962531986727636,0.9965376304908695,1,2,4
qwen3-4b,base-all-rank,0.7308306709265175,0.906741214057508,0.9601393769968052,0.9807156150159744,0.9880834434904152,0.9916069087460062,0.9918775948307708,0.9919374018076078,0.9947089539773206,0.996484116009349,1,2,6
qwen3-4b,base-all-alpha,0.7199680511182108,0.8422923322683705,0.9336569488817891,0.9345227436102238,0.9714432937300319,0.9867492067691692,0.9873505097144569,0.9919374018076078,0.9941571683852677,0.9952702735110027,1,3,8
qwen3-4b,base-top3-rank,0.7308306709265175,0.906741214057508,0.9601393769968052,0.9758524886497394,0.9849019585284043,0.9888490511987935,0.9916084597539887,0.9939199802549482,0.9950204797183437,0.9960072055595411,1,2,7
qwen3-4b,mixed-all-rank,0.8993610223642172,0.976573482428115,0.9871625399361023,0.9910320487220446,0.9937718740015975,0.9942640352935304,0.9945207026282947,0.9965926490693641,0.9966537441054938,0.9976363890842697,1,2,4
qwen3-4b,mixed-top3-rank,0.8993610223642172,0.976573482428115,0.9871625399361023,0.9906608794350092,0.9933216039931677,0.994510022744772,0.9951198068316917,0.9957248769175424,0.9962531986727636,0.9965376304908695,1,2,4
phi-4,base/continuation_full,0.564856230031949,0.7351605851689927,0.8132952188778656,0.8569877051207232,0.8846528732562471,0.9037745180466671,0.9178567542705663,0.9287065153958001,0.9373318194580028,0.9443380188788155,1,6,
phi-4,base/continuation_partial,0.38977635782747605,0.5201782411299816,0.5894820918109971,0.6333798224182897,0.663963664329024,0.6867132711500609,0.7044945630850288,0.7189403075583948,0.7310373609417121,0.7414099466444198,2,,
phi-4,base/fake_citation,0.6527156549520767,0.8106272069951236,0.8770864861835098,0.9117551442975037,0.932018574202844,0.9448386400129247,0.9534564304955209,0.9595179236600022,0.963923309748936,0.9672012450304026,1,4,
phi-4,base/none,0.007507987220447284,0.011720195056330922,0.01481138949610448,0.017317019291321706,0.019424235979914075,0.021239906758062227,0.02283751570243029,0.02426826611437735,0.025567532053501252,0.026759756430673055,,,
phi-4,base/persona_switch,0.697923322683706,0.839784765427947,0.8944173532873718,0.9216649027191168,0.9376926741774565,0.948290701853299,0.9559346119480245,0.9618082909846428,0.9665289811129532,0.9704452784181565,1,4,
phi-4,base/role_chaining,0.7654952076677317,0.898890196737851,0.9456728882910151,0.9671200176724465,0.978557939907088,0.985259992680442,0.9894147897935028,0.9920732939862703,0.9938006500863207,0.9949274432033907,1,3,8
phi-4,base/static_baseline,0.4578274760383387,0.5811837901462922,0.6365310240457372,0.6695595406482755,0.6925497119984702,0.7099621822833725,0.7238235541400013,0.7352108785980536,0.7447628638189376,0.7528896068570051,2,,
phi-4,base/system_simulation,0.5741214057507987,0.7352614763746427,0.8081385572557593,0.8479081560318763,0.8719839793997302,0.8877667764600375,0.8988446555686339,0.907082496694659,0.9134997530980675,0.9186796546513261,1,8,
phi-4,abliterated/continuation_full,0.7605431309904153,0.8810324533378175,0.9236926181267867,0.943630171086427,0.9543912402694389,0.9607876932511695,0.9648870166866141,0.9676921656634612,0.9697261518983297,0.9712741585361493,1,3,
phi-4,abliterated/continuation_partial,0.8851437699680511,0.9571380527997311,0.9745754161762233,0.9813885399459936,0.9847140344282996,0.9865672096987441,0.9877025242584002,0.9884503410087243,0.9889712064412111,0.9893496522172375,1,2,
phi-4,abliterated/fake_citation,0.8654952076677316,0.9517067428955776,0.9729359340844124,0.9807911057478313,0.9844859164449368,0.9865225340178111,0.987770568122995,0.9885910763782947,0.9891561736515693,0.9895566258289926,1,2,
phi-4,abliterated/none,0.8378594249201278,0.9231713468975955,0.949237710890645,0.9620048994879605,0.9697250137653851,0.974945680306762,0.9787331394639578,0.9816183476921961,0.9838948418420025,0.9857368568384504,1,2,
phi-4,abliterated/persona_switch,0.8960063897763578,0.9645703716159408,0.980477551706743,0.9866104841129322,0.9895824060244579,0.9911872685849185,0.9921065407834565,0.9926549021129579,0.9929933682673572,0.9932090209714123,1,2,6
phi-4,abliterated/role_chaining,0.9078274760383386,0.971700016815201,0.9855389271901799,0.9903784079631517,0.9926375796661357,0.993966062967982,0.994904087412668,0.9956486165756288,0.9962788378793979,0.9968309640685232,1,1,4
phi-4,abliterated/static_baseline,0.8968051118210862,0.9648225996300657,0.982016142592904,0.988833387735454,0.9922680985964253,0.9942788751619699,0.9955895541334073,0.9965106809496961,0.9971922799205958,0.9977150417609768,1,2,5
phi-4,abliterated/system_simulation,0.8825878594249201,0.956599966369598,0.9748108289894065,0.9820611479836596,0.9855731345842524,0.987463278568532,0.9885647566576655,0.9892459815347282,0.9896836459616507,0.989969570089057,1,2,
phi-4,abl-all-rank,0.9078274760383386,0.9715814696485624,0.9859864217252395,0.9911896964856229,0.9925237040734824,0.9937131874001598,0.9945698327750598,0.9947533483760983,0.9952668409776201,0.9959908139283781,1,1,4
phi-4,abl-all-alpha,0.7605431309904153,0.9573162939297124,0.9815335463258786,0.988559984025559,0.9913389796325877,0.9933362546425719,0.9946382607752596,0.9947533483760983,0.9948165127187686,0.994945393442886,1,2,5
phi-4,abl-top3-rank,0.9078274760383386,0.9715814696485624,0.9859864217252395,0.9913361779048259,0.9938946616162064,0.994796150390313,0.9955365307523321,0.9963611812908972,0.9964934314618568,0.9968023376944973,1,1,4
phi-4,base-all-rank,0.697923322683706,0.910335463258786,0.9453059105431311,0.9688831469648562,0.9801492591853035,0.9882952602835464,0.990198905466254,0.9901990001297923,0.9925796546656929,0.9957563616195252,1,2,7
phi-4,base-all-alpha,0.564856230031949,0.7330750798722044,0.8920523162939299,0.892241014376997,0.9568928853833867,0.9826029808306709,0.986380196036342,0.9901990001297923,0.9921076921525559,0.9928859048687197,1,5,8
phi-4,base-top3-rank,0.697923322683706,0.910335463258786,0.9453059105431311,0.9664605683537919,0.9821311364420805,0.9852363434716728,0.9887627483056317,0.9935299908347063,0.9941488391119607,0.9951350240770827,1,2,8
phi-4,mixed-all-rank,0.9078274760383386,0.9715814696485624,0.9859864217252395,0.9911896964856229,0.9925237040734824,0.9937131874001598,0.9945698327750598,0.9959674816473642,0.9971591285938498,0.9971794136120818,1,1,4
phi-4,mixed-top3-rank,0.9078274760383386,0.9715814696485624,0.9859864217252395,0.9913361779048259,0.9938946616162064,0.994796150390313,0.9955365307523321,0.9963611812908972,0.9964934314618568,0.9968023376944973,1,1,4
