prompt,alpaca_index
Generate a list of methods to reduce food waste.,83
What is the name of the operating system that is the backbone of the Android mobile platform?,2149
"Create a recipe for ""Penne Alla Vodka"".",2401
Give an example of how a person can reduce their consumption of single-use plastic.,3684
What do we need in order to keep our environment healthy?,4119
Discuss the pros and cons of immigration in the US.,4618
Spell out the spelling of ophthalmologist.,4754
Explain the concept of self-actualization.,4950
"Generate a movie quote using the following words: adventure, destiny, courage.",5498
Calculate the total cost for 10 boxes of apples at $2 a box.,5614
Generate a website design for a company that sells house cleaning services,6533
Design an interface for a shopping website.,6764
Name a cardiac disease.,7084
Give me a recipe for a delicious peach cobbler.,7282
Write a short program to print out the Fibonacci sequence up to the number specified by the user.,7764
"Compose a 500-word essay on the themes of loneliness revealed in Ernest Hemingway's novel ""The Old Man and the Sea"".",7879
Tell me a fun fact about turtles,8521
How does diversity in the workplace help with innovation?,10171
Compare and contrast Data Mining and Machine Learning.,11310
Describe what advantages the underprivileged have,11414
Provide an example of an input for a neural network,11803
"Re-write the following sentence to have a different meaning: ""I ate the apple.""",12530
Generate the title and synopsis of a sci-fi movie.,12768
What is the syntax for creating an instance of a class in Python?,12786
Descibe the process of 3D printing.,13076
Describe the concept of wealth inequality,14583
Name five adjectives to describe the weather.,16285
Propose a method for reducing the spread of coronavirus.,16316
Generate 3 pieces of evidence that suggests global warming is real.,16606
What is an example of a real-world application of a neural network?,17923
Come up with a creative idea for a play that involves a war between two mythical creatures.,18595
Describe the species classification of a rose.,18739
Name 5 features that a typical smartphone has.,18820
Propose an original solution to the problem of global warming.,18911
Describe a tennis match.,19568
"What is the meaning of the phrase ""Fool's Gold""?",20454
Are spiders considered insects?,20644
Find 3 distinguishing characteristics of a lion,20708
Name three prominent innovators in the tech industry.,21375
Generate a story about a prince who decides to fight an evil dragon.,21416
"Divide the following group of numbers into odds and evens:  4, 8, 6, 9, 3",21668
Identify the two colors that make up the American flag.,22442
Describe how a website can be optimized for search engines,22924
Transform this sentence into a question: I like to bike to the beach.,22995
How does physical activity influence mental health?,23099
List 3 reasons why people use chatbots,23365
Create a list of the 8 planets in our Solar System in order from the closest to the Sun to the farthest,23551
"Recap the storyline of the movie ""The Godfather"".",23836
Calculate 17 + 18.,23878
Generate instructions to teach someone how to change the background of their computer desktop.,24111
Describe the differences between descriptive and inferential statistics,24348
Generate a simile for knowledge.,24576
Create a function in Java that takes array of integers and checks if it contains duplicates.,25149
Draft a letter expressing appreciation to someone who helped you in a difficult situation.,25166
"Evaluate the following statement: ""Gravitational force is the strongest force in the universe"".",25252
This question is about the history of the US Constitution. When was the US Constitution signed?,26507
Develop a customer service strategy to improve customer experience.,26787
Create a story about a person who discovers a talent they didn't know they had.,27608
"Edit the following sentence to make it more informative: ""Global climate change is an issue.""",27707
Convert this decimal number 523.11 to binary,27810
What three ingredients do you need to make a quesadilla?,28396
Give 5 tips for reducing waste in the home.,28785
Name one commonly used algorithm in artificial intelligence.,29042
"Suggest an item of clothing that would combine style, comfort and practicality.",29404
"Place the following elements in increasing order of atomic number: oxygen, calcium, helium.",29461
Compare the economic systems of capitalism and socialism.,29602
Summarize the laws of thermodynamics.,29969
Compare and contrast the meanings of 'love' and 'affection'.,29985
Summarize the rules and regulations of a hypothetical store.,30741
Explain in detail the use of natural language processing (NLP).,30993
Find a commonly used zip code in the US,31302
Identify key elements of a successful marketing campaign,32018
Name three books by J.D. Salinger.,32576
Is the following a valid IPv4 address? 59.187.84.127,33291
Write an original fortune cookie,33925
Describe what AI ethical best practices should organizations consider?,34022
Write a travel blog about 3 must-visit places in your hometown.,34219
Describe two types of wireless mice.,34224
Generate a list of five job skills that will be important in the future.,34330
Select a topic to write an essay about.,34384
Explain the importance of wind-powered energy.,34409
Generate a sentence in the past tense describing a car accident.,34671
What is the Celsius equivalent of 100°F?,35244
Design a data structure for a to-do list.,35665
Generate a new headline for the following article: Heuristic Evaluation of a Web Site.,35845
What is reverse engineering?,36100
Describe three advantages and three disadvantages of using a laptop computer.,36482
State three tips for staying organized.,36483
Design a mathematical model to predict house prices.,36512
Generate a completed thought,36553
Generate a list of 3 things that a doctor should do when diagnosing a patient,36920
Give an example of a website that can help you learn a new language,37247
Convert binary 1111000 to decimal.,37784
Give an example of a sentence in the present perfect tense and explain the proper usage of the tense.,37858
Generate an appropriate apology for an error an AI assistant made.,38655
Find the 5th root of 32.,38701
"Back-translate the following sentence: ""The cat slept on the chair.""",39022
"Explain the following phrase: ""YOLO"".",39026
Name at least two benefits of studying computer science.,39169
Add at least five facts about the science topic “Chemistry”.,39761
Explain the purpose of a website's contact page.,40251
List five steps for creating a search engine friendly website.,41085
Create a story about a princess and some dragons.,41172
Describe the best practices for secure coding.,42282
Make a list of five food items that are typically served during breakfast.,42472
Write a speech about loyalty.,43330
Ask the assistant an open-ended question about current events.,43503
Name a sandwich whose primary ingredient is not meat.,44281
Tell me why the hypothalamus is an important part of the brain.,44304
Generate a list of three adjectives that could be used to describe a painting.,44372
"Given a dataset, generate a machine learning model to identify patterns in the data.",45213
Calculate the average speed of a car that travels 500 km in 3 hours.,45433
Create a new recipe with crab and baby spinach as the main ingredients.,45555
Describe the steps needed to set up a website.,46003
Construct a story that combines elements of fantasy and reality.,46103
List 2 types of taxes.,46338
What do scientists use to study asteroids?,47091
Find 3 quotes from 'Harry Potter and the Sorcerer's Stone'.,47229
What is temperature defined as?,47634
"Generate a story about a robot that starts with the sentence ""Robots have always been fascinated by power.""",47900
Design a personal website for your portfolio.,48020
"You are at a restaurant, what kind of food do you order?",48179
Write a father's day wish for a son.,49369
"Edit the following sentence for clarity and conciseness: Although I am looking for a new job, I was offered one last week.",49690
Write a concrete example of a use case for artificial intelligence.,50197
Please write a poem of five lines.,50312
"Generate a humorous pun using the word ""fruit"".",50568
Generate content ideas for a blog post on renewable energy.,51847
